-- phpMyAdmin SQL Dump
-- version 4.8.5
-- https://www.phpmyadmin.net/
--
-- Servidor: 127.0.0.1
-- Tiempo de generación: 31-05-2019 a las 17:30:01
-- Versión del servidor: 10.1.39-MariaDB
-- Versión de PHP: 7.3.5

SET SQL_MODE = "NO_AUTO_VALUE_ON_ZERO";
SET AUTOCOMMIT = 0;
START TRANSACTION;
SET time_zone = "+00:00";


/*!40101 SET @OLD_CHARACTER_SET_CLIENT=@@CHARACTER_SET_CLIENT */;
/*!40101 SET @OLD_CHARACTER_SET_RESULTS=@@CHARACTER_SET_RESULTS */;
/*!40101 SET @OLD_COLLATION_CONNECTION=@@COLLATION_CONNECTION */;
/*!40101 SET NAMES utf8mb4 */;

--
-- Base de datos: `tienda`
--

-- --------------------------------------------------------

--
-- Estructura de tabla para la tabla `carro`
--

CREATE TABLE `carro` (
  `id` int(11) NOT NULL,
  `id_cliente` int(11) NOT NULL,
  `id_producto` int(11) NOT NULL,
  `cant` int(11) NOT NULL
) ENGINE=InnoDB DEFAULT CHARSET=latin1;

--
-- Volcado de datos para la tabla `carro`
--

INSERT INTO `carro` (`id`, `id_cliente`, `id_producto`, `cant`) VALUES
(5, 2, 11, 1);

-- --------------------------------------------------------

--
-- Estructura de tabla para la tabla `categorias`
--

CREATE TABLE `categorias` (
  `id` int(11) NOT NULL,
  `categoria` varchar(255) NOT NULL
) ENGINE=InnoDB DEFAULT CHARSET=latin1;

--
-- Volcado de datos para la tabla `categorias`
--

INSERT INTO `categorias` (`id`, `categoria`) VALUES
(2, 'Tecnologia'),
(3, 'Alimentos'),
(5, 'Hogar');

-- --------------------------------------------------------

--
-- Estructura de tabla para la tabla `clientes`
--

CREATE TABLE `clientes` (
  `id` int(11) NOT NULL,
  `username` varchar(255) NOT NULL,
  `password` varchar(255) NOT NULL,
  `name` varchar(255) NOT NULL
) ENGINE=InnoDB DEFAULT CHARSET=latin1;

--
-- Volcado de datos para la tabla `clientes`
--

INSERT INTO `clientes` (`id`, `username`, `password`, `name`) VALUES
(2, 'Diego', '123', 'Diego');

-- --------------------------------------------------------

--
-- Estructura de tabla para la tabla `compra`
--

CREATE TABLE `compra` (
  `id` int(11) NOT NULL,
  `id_cliente` int(11) NOT NULL,
  `fecha` datetime NOT NULL,
  `monto` float NOT NULL,
  `estado` int(11) NOT NULL
) ENGINE=InnoDB DEFAULT CHARSET=latin1;

--
-- Volcado de datos para la tabla `compra`
--

INSERT INTO `compra` (`id`, `id_cliente`, `fecha`, `monto`, `estado`) VALUES
(3, 1, '2019-02-24 12:39:04', 16400, 1),
(4, 1, '2019-04-12 20:03:40', 1360, 0),
(5, 1, '2019-05-27 18:16:43', 0, 0);

-- --------------------------------------------------------

--
-- Estructura de tabla para la tabla `productos`
--

CREATE TABLE `productos` (
  `id` int(11) NOT NULL,
  `price` float NOT NULL,
  `imagen` varchar(255) NOT NULL,
  `name` varchar(255) NOT NULL,
  `id_categoria` int(11) NOT NULL,
  `oferta` int(11) NOT NULL,
  `descargable` varchar(255) NOT NULL
) ENGINE=InnoDB DEFAULT CHARSET=latin1;

--
-- Volcado de datos para la tabla `productos`
--

INSERT INTO `productos` (`id`, `price`, `imagen`, `name`, `id_categoria`, `oferta`, `descargable`) VALUES
(8, 1000000, 'Pantalla590.png', 'Pantalla', 2, 0, ''),
(9, 50000, 'Teclado297.png', 'Teclado', 2, 0, ''),
(10, 30000, 'Huevos701.png', 'Huevos', 3, 15, ''),
(11, 12000, 'Papel Higienico796.png', 'Papel Higienico', 5, 0, '');

-- --------------------------------------------------------

--
-- Estructura de tabla para la tabla `productos_compra`
--

CREATE TABLE `productos_compra` (
  `id` int(11) NOT NULL,
  `id_compra` int(11) NOT NULL,
  `id_producto` int(11) NOT NULL,
  `cantidad` int(11) NOT NULL,
  `monto` float NOT NULL
) ENGINE=InnoDB DEFAULT CHARSET=latin1;

--
-- Volcado de datos para la tabla `productos_compra`
--

INSERT INTO `productos_compra` (`id`, `id_compra`, `id_producto`, `cantidad`, `monto`) VALUES
(1, 3, 5, 7, 400),
(2, 3, 4, 4, 1000),
(3, 3, 3, 4, 1200),
(4, 3, 2, 4, 200),
(5, 3, 1, 4, 1000),
(6, 4, 5, 1, 400),
(7, 4, 7, 1, 1000);

--
-- Índices para tablas volcadas
--

--
-- Indices de la tabla `carro`
--
ALTER TABLE `carro`
  ADD PRIMARY KEY (`id`);

--
-- Indices de la tabla `categorias`
--
ALTER TABLE `categorias`
  ADD PRIMARY KEY (`id`);

--
-- Indices de la tabla `clientes`
--
ALTER TABLE `clientes`
  ADD PRIMARY KEY (`id`);

--
-- Indices de la tabla `compra`
--
ALTER TABLE `compra`
  ADD PRIMARY KEY (`id`);

--
-- Indices de la tabla `productos`
--
ALTER TABLE `productos`
  ADD PRIMARY KEY (`id`);

--
-- Indices de la tabla `productos_compra`
--
ALTER TABLE `productos_compra`
  ADD PRIMARY KEY (`id`);

--
-- AUTO_INCREMENT de las tablas volcadas
--

--
-- AUTO_INCREMENT de la tabla `carro`
--
ALTER TABLE `carro`
  MODIFY `id` int(11) NOT NULL AUTO_INCREMENT, AUTO_INCREMENT=6;

--
-- AUTO_INCREMENT de la tabla `categorias`
--
ALTER TABLE `categorias`
  MODIFY `id` int(11) NOT NULL AUTO_INCREMENT, AUTO_INCREMENT=6;

--
-- AUTO_INCREMENT de la tabla `clientes`
--
ALTER TABLE `clientes`
  MODIFY `id` int(11) NOT NULL AUTO_INCREMENT, AUTO_INCREMENT=3;

--
-- AUTO_INCREMENT de la tabla `compra`
--
ALTER TABLE `compra`
  MODIFY `id` int(11) NOT NULL AUTO_INCREMENT, AUTO_INCREMENT=6;

--
-- AUTO_INCREMENT de la tabla `productos`
--
ALTER TABLE `productos`
  MODIFY `id` int(11) NOT NULL AUTO_INCREMENT, AUTO_INCREMENT=12;

--
-- AUTO_INCREMENT de la tabla `productos_compra`
--
ALTER TABLE `productos_compra`
  MODIFY `id` int(11) NOT NULL AUTO_INCREMENT, AUTO_INCREMENT=8;
COMMIT;

/*!40101 SET CHARACTER_SET_CLIENT=@OLD_CHARACTER_SET_CLIENT */;
/*!40101 SET CHARACTER_SET_RESULTS=@OLD_CHARACTER_SET_RESULTS */;
/*!40101 SET COLLATION_CONNECTION=@OLD_COLLATION_CONNECTION */;
